{
  "calibration_note": "Probabilities are raw model outputs (no isotonic calibration per fold). Brier/ECE reflect the raw scores; discrimination metrics (ROC-AUC, PR-AUC) are calibration-invariant.",
  "dataset": "philippine",
  "dataset_meta": {
    "feature_cols": [
      "lead_time",
      "stays_in_weekend_nights",
      "stays_in_week_nights",
      "adults",
      "children",
      "babies",
      "adr",
      "reserved_room_type",
      "deposit_type",
      "total_of_special_requests",
      "month_sin",
      "month_cos",
      "total_stay",
      "total_guests",
      "adr_per_person",
      "is_weekend_heavy",
      "revenue_at_risk",
      "is_late_window"
    ],
    "loader": "Philippine (data/Punta_Villa_Resort_PH_Dataset.csv)",
    "n_positive": 29,
    "n_rows_used": 193,
    "n_splits": 10,
    "name": "philippine",
    "positive_rate": 0.15025906735751296,
    "random_state": 42,
    "shuffle": true,
    "stratified": true
  },
  "generated_at_utc": "2026-05-27T10:53:41.539123+00:00",
  "per_algorithm": [
    {
      "algorithm": "Dummy",
      "balanced_accuracy_at_05": {
        "ci95_high": 0.5,
        "ci95_low": 0.5,
        "max": 0.5,
        "mean": 0.5,
        "min": 0.5,
        "std": 0.0
      },
      "brier": {
        "ci95_high": 0.160330966773697,
        "ci95_low": 0.1401953490157767,
        "max": 0.15789473684210525,
        "mean": 0.15026315789473685,
        "min": 0.10526315789473684,
        "std": 0.016243473012643117
      },
      "ece": {
        "ci95_high": 0.160330966773697,
        "ci95_low": 0.1401953490157767,
        "max": 0.15789473684210525,
        "mean": 0.15026315789473685,
        "min": 0.10526315789473684,
        "std": 0.016243473012643117
      },
      "f1_at_05": {
        "ci95_high": 0.0,
        "ci95_low": 0.0,
        "max": 0.0,
        "mean": 0.0,
        "min": 0.0,
        "std": 0.0
      },
      "fit_seconds_mean": 0.0010135100048501045,
      "folds_evaluated": 10,
      "pr_auc": {
        "ci95_high": 0.160330966773697,
        "ci95_low": 0.1401953490157767,
        "max": 0.15789473684210525,
        "mean": 0.15026315789473685,
        "min": 0.10526315789473684,
        "std": 0.016243473012643117
      },
      "precision_at_05": {
        "ci95_high": 0.0,
        "ci95_low": 0.0,
        "max": 0.0,
        "mean": 0.0,
        "min": 0.0,
        "std": 0.0
      },
      "recall_at_05": {
        "ci95_high": 0.0,
        "ci95_low": 0.0,
        "max": 0.0,
        "mean": 0.0,
        "min": 0.0,
        "std": 0.0
      },
      "roc_auc": {
        "ci95_high": 0.5,
        "ci95_low": 0.5,
        "max": 0.5,
        "mean": 0.5,
        "min": 0.5,
        "std": 0.0
      }
    },
    {
      "algorithm": "LogisticRegression",
      "balanced_accuracy_at_05": {
        "ci95_high": 0.7822860947879613,
        "ci95_low": 0.6031305718787054,
        "max": 1.0,
        "mean": 0.6927083333333334,
        "min": 0.46875,
        "std": 0.1445253846407459
      },
      "brier": {
        "ci95_high": 0.10749953350386444,
        "ci95_low": 0.05650292547128476,
        "max": 0.14916119580560222,
        "mean": 0.0820012294875746,
        "min": 0.026700444432998665,
        "std": 0.04113914140964032
      },
      "ece": {
        "ci95_high": 0.1556105595273331,
        "ci95_low": 0.09815788381468062,
        "max": 0.2291536679443498,
        "mean": 0.12688422167100685,
        "min": 0.08327146106536736,
        "std": 0.04634727370485187
      },
      "f1_at_05": {
        "ci95_high": 0.6845225676287803,
        "ci95_low": 0.34595362284741027,
        "max": 1.0,
        "mean": 0.5152380952380953,
        "min": 0.0,
        "std": 0.27312474757880306
      },
      "fit_seconds_mean": 1.1002231800055597,
      "folds_evaluated": 10,
      "pr_auc": {
        "ci95_high": 0.8798225620044055,
        "ci95_low": 0.5979430057611622,
        "max": 1.0,
        "mean": 0.7388827838827838,
        "min": 0.3547008547008547,
        "std": 0.22739322029749598
      },
      "precision_at_05": {
        "ci95_high": 1.0111282608150824,
        "ci95_low": 0.5388717391849177,
        "max": 1.0,
        "mean": 0.775,
        "min": 0.0,
        "std": 0.3809709816887487
      },
      "recall_at_05": {
        "ci95_high": 0.58,
        "ci95_low": 0.2533333333333334,
        "max": 1.0,
        "mean": 0.4166666666666667,
        "min": 0.0,
        "std": 0.2635231383473649
      },
      "roc_auc": {
        "ci95_high": 0.9605254152968332,
        "ci95_low": 0.811288310193363,
        "max": 1.0,
        "mean": 0.8859068627450981,
        "min": 0.7083333333333333,
        "std": 0.12039009273900626
      }
    },
    {
      "algorithm": "DecisionTree",
      "balanced_accuracy_at_05": {
        "ci95_high": 0.867378178635184,
        "ci95_low": 0.7081120174432474,
        "max": 0.96875,
        "mean": 0.7877450980392157,
        "min": 0.5104166666666666,
        "std": 0.12848056723419315
      },
      "brier": {
        "ci95_high": 0.22926048519840903,
        "ci95_low": 0.14486958837891206,
        "max": 0.29927316486304895,
        "mean": 0.18706503678866054,
        "min": 0.07772148561592043,
        "std": 0.06807843054435461
      },
      "ece": {
        "ci95_high": 0.2942269742817216,
        "ci95_low": 0.18329388236927213,
        "max": 0.4015165031222123,
        "mean": 0.23876042832549688,
        "min": 0.12335434971684599,
        "std": 0.08949011181840424
      },
      "f1_at_05": {
        "ci95_high": 0.6217634356430386,
        "ci95_low": 0.4001113562317533,
        "max": 0.8571428571428571,
        "mean": 0.510937395937396,
        "min": 0.2222222222222222,
        "std": 0.1788075048602487
      },
      "fit_seconds_mean": 0.004067640006542206,
      "folds_evaluated": 10,
      "pr_auc": {
        "ci95_high": 0.48150047493981707,
        "ci95_low": 0.27817928973994765,
        "max": 0.75,
        "mean": 0.37983988233988236,
        "min": 0.25,
        "std": 0.1640199086215573
      },
      "precision_at_05": {
        "ci95_high": 0.4884195436559612,
        "ci95_low": 0.27160210136568375,
        "max": 0.75,
        "mean": 0.38001082251082247,
        "min": 0.16666666666666666,
        "std": 0.1749073862472937
      },
      "recall_at_05": {
        "ci95_high": 1.011124101979924,
        "ci95_low": 0.7222092313534092,
        "max": 1.0,
        "mean": 0.8666666666666666,
        "min": 0.3333333333333333,
        "std": 0.23306863292670033
      },
      "roc_auc": {
        "ci95_high": 0.8721369717719444,
        "ci95_low": 0.7700198909731536,
        "max": 0.96875,
        "mean": 0.821078431372549,
        "min": 0.71875,
        "std": 0.08237820493153708
      }
    },
    {
      "algorithm": "GaussianNB",
      "balanced_accuracy_at_05": {
        "ci95_high": 0.8428909419881484,
        "ci95_low": 0.6091923913451852,
        "max": 1.0,
        "mean": 0.7260416666666668,
        "min": 0.4901960784313726,
        "std": 0.18852543518162532
      },
      "brier": {
        "ci95_high": 0.22564627246441663,
        "ci95_low": 0.107999971933716,
        "max": 0.2859121709183204,
        "mean": 0.1668231221990663,
        "min": 0.007711994744408629,
        "std": 0.09490568060451275
      },
      "ece": {
        "ci95_high": 0.2660455094379337,
        "ci95_low": 0.1349609701539456,
        "max": 0.3425000852526657,
        "mean": 0.20050323979593965,
        "min": 0.03162881275948616,
        "std": 0.10574635463551531
      },
      "f1_at_05": {
        "ci95_high": 0.6460503418641788,
        "ci95_low": 0.3312512454374084,
        "max": 1.0,
        "mean": 0.4886507936507936,
        "min": 0.2,
        "std": 0.2539495280794815
      },
      "fit_seconds_mean": 0.0028110899962484836,
      "folds_evaluated": 10,
      "pr_auc": {
        "ci95_high": 0.8206237169187237,
        "ci95_low": 0.5450641137691069,
        "max": 1.0,